library,candidate_order,candidate_name,included_in_k7,included_in_k20,estimator_class,parameters_json
high_dependency_linear_20,1,logreg_l2_c003,True,True,Pipeline,"{""memory"": null, ""model"": ""LogisticRegression(C=0.03, max_iter=3000, random_state=102, solver='liblinear')"", ""model__C"": 0.03, ""model__class_weight"": null, ""model__dual"": false, ""model__fit_intercept"": true, ""model__intercept_scaling"": 1, ""model__l1_ratio"": null, ""model__max_iter"": 3000, ""model__multi_class"": ""deprecated"", ""model__n_jobs"": null, ""model__penalty"": ""l2"", ""model__random_state"": 102, ""model__solver"": ""liblinear"", ""model__tol"": 0.0001, ""model__verbose"": 0, ""model__warm_start"": false, ""scale"": ""StandardScaler()"", ""scale__copy"": true, ""scale__with_mean"": true, ""scale__with_std"": true, ""steps"": [[""variance"", ""VarianceThreshold()""], [""scale"", ""StandardScaler()""], [""model"", ""LogisticRegression(C=0.03, max_iter=3000, random_state=102, solver='liblinear')""]], ""transform_input"": null, ""variance"": ""VarianceThreshold()"", ""variance__threshold"": 0.0, ""verbose"": false}"
high_dependency_linear_20,2,logreg_l2_c01,True,True,Pipeline,"{""memory"": null, ""model"": ""LogisticRegression(C=0.1, max_iter=3000, random_state=104, solver='liblinear')"", ""model__C"": 0.1, ""model__class_weight"": null, ""model__dual"": false, ""model__fit_intercept"": true, ""model__intercept_scaling"": 1, ""model__l1_ratio"": null, ""model__max_iter"": 3000, ""model__multi_class"": ""deprecated"", ""model__n_jobs"": null, ""model__penalty"": ""l2"", ""model__random_state"": 104, ""model__solver"": ""liblinear"", ""model__tol"": 0.0001, ""model__verbose"": 0, ""model__warm_start"": false, ""scale"": ""StandardScaler()"", ""scale__copy"": true, ""scale__with_mean"": true, ""scale__with_std"": true, ""steps"": [[""variance"", ""VarianceThreshold()""], [""scale"", ""StandardScaler()""], [""model"", ""LogisticRegression(C=0.1, max_iter=3000, random_state=104, solver='liblinear')""]], ""transform_input"": null, ""variance"": ""VarianceThreshold()"", ""variance__threshold"": 0.0, ""verbose"": false}"
high_dependency_linear_20,3,logreg_l2_c1,True,True,Pipeline,"{""memory"": null, ""model"": ""LogisticRegression(max_iter=3000, random_state=108, solver='liblinear')"", ""model__C"": 1.0, ""model__class_weight"": null, ""model__dual"": false, ""model__fit_intercept"": true, ""model__intercept_scaling"": 1, ""model__l1_ratio"": null, ""model__max_iter"": 3000, ""model__multi_class"": ""deprecated"", ""model__n_jobs"": null, ""model__penalty"": ""l2"", ""model__random_state"": 108, ""model__solver"": ""liblinear"", ""model__tol"": 0.0001, ""model__verbose"": 0, ""model__warm_start"": false, ""scale"": ""StandardScaler()"", ""scale__copy"": true, ""scale__with_mean"": true, ""scale__with_std"": true, ""steps"": [[""variance"", ""VarianceThreshold()""], [""scale"", ""StandardScaler()""], [""model"", ""LogisticRegression(max_iter=3000, random_state=108, solver='liblinear')""]], ""transform_input"": null, ""variance"": ""VarianceThreshold()"", ""variance__threshold"": 0.0, ""verbose"": false}"
high_dependency_linear_20,4,logreg_l2_c10,True,True,Pipeline,"{""memory"": null, ""model"": ""LogisticRegression(C=10.0, max_iter=3000, random_state=110, solver='liblinear')"", ""model__C"": 10.0, ""model__class_weight"": null, ""model__dual"": false, ""model__fit_intercept"": true, ""model__intercept_scaling"": 1, ""model__l1_ratio"": null, ""model__max_iter"": 3000, ""model__multi_class"": ""deprecated"", ""model__n_jobs"": null, ""model__penalty"": ""l2"", ""model__random_state"": 110, ""model__solver"": ""liblinear"", ""model__tol"": 0.0001, ""model__verbose"": 0, ""model__warm_start"": false, ""scale"": ""StandardScaler()"", ""scale__copy"": true, ""scale__with_mean"": true, ""scale__with_std"": true, ""steps"": [[""variance"", ""VarianceThreshold()""], [""scale"", ""StandardScaler()""], [""model"", ""LogisticRegression(C=10.0, max_iter=3000, random_state=110, solver='liblinear')""]], ""transform_input"": null, ""variance"": ""VarianceThreshold()"", ""variance__threshold"": 0.0, ""verbose"": false}"
high_dependency_linear_20,5,logreg_l1_c01,True,True,Pipeline,"{""memory"": null, ""model"": ""LogisticRegression(C=0.1, max_iter=3000, penalty='l1', random_state=114,\n                   solver='liblinear')"", ""model__C"": 0.1, ""model__class_weight"": null, ""model__dual"": false, ""model__fit_intercept"": true, ""model__intercept_scaling"": 1, ""model__l1_ratio"": null, ""model__max_iter"": 3000, ""model__multi_class"": ""deprecated"", ""model__n_jobs"": null, ""model__penalty"": ""l1"", ""model__random_state"": 114, ""model__solver"": ""liblinear"", ""model__tol"": 0.0001, ""model__verbose"": 0, ""model__warm_start"": false, ""scale"": ""StandardScaler()"", ""scale__copy"": true, ""scale__with_mean"": true, ""scale__with_std"": true, ""steps"": [[""variance"", ""VarianceThreshold()""], [""scale"", ""StandardScaler()""], [""model"", ""LogisticRegression(C=0.1, max_iter=3000, penalty='l1', random_state=114,\n                   solver='liblinear')""]], ""transform_input"": null, ""variance"": ""VarianceThreshold()"", ""variance__threshold"": 0.0, ""verbose"": false}"
high_dependency_linear_20,6,elastic_net_logreg,True,True,Pipeline,"{""memory"": null, ""model"": ""LogisticRegression(l1_ratio=0.5, max_iter=3000, n_jobs=1, penalty='elasticnet',\n                   random_state=128, solver='saga')"", ""model__C"": 1.0, ""model__class_weight"": null, ""model__dual"": false, ""model__fit_intercept"": true, ""model__intercept_scaling"": 1, ""model__l1_ratio"": 0.5, ""model__max_iter"": 3000, ""model__multi_class"": ""deprecated"", ""model__n_jobs"": 1, ""model__penalty"": ""elasticnet"", ""model__random_state"": 128, ""model__solver"": ""saga"", ""model__tol"": 0.0001, ""model__verbose"": 0, ""model__warm_start"": false, ""scale"": ""StandardScaler()"", ""scale__copy"": true, ""scale__with_mean"": true, ""scale__with_std"": true, ""steps"": [[""variance"", ""VarianceThreshold()""], [""scale"", ""StandardScaler()""], [""model"", ""LogisticRegression(l1_ratio=0.5, max_iter=3000, n_jobs=1, penalty='elasticnet',\n                   random_state=128, solver='saga')""]], ""transform_input"": null, ""variance"": ""VarianceThreshold()"", ""variance__threshold"": 0.0, ""verbose"": false}"
high_dependency_linear_20,7,linear_svm_c1,True,True,Pipeline,"{""memory"": null, ""model"": ""LinearSVC(dual=False, max_iter=8000, random_state=132)"", ""model__C"": 1.0, ""model__class_weight"": null, ""model__dual"": false, ""model__fit_intercept"": true, ""model__intercept_scaling"": 1, ""model__loss"": ""squared_hinge"", ""model__max_iter"": 8000, ""model__multi_class"": ""ovr"", ""model__penalty"": ""l2"", ""model__random_state"": 132, ""model__tol"": 0.0001, ""model__verbose"": 0, ""scale"": ""StandardScaler()"", ""scale__copy"": true, ""scale__with_mean"": true, ""scale__with_std"": true, ""steps"": [[""variance"", ""VarianceThreshold()""], [""scale"", ""StandardScaler()""], [""model"", ""LinearSVC(dual=False, max_iter=8000, random_state=132)""]], ""transform_input"": null, ""variance"": ""VarianceThreshold()"", ""variance__threshold"": 0.0, ""verbose"": false}"
high_dependency_linear_20,8,logreg_l2_c001,False,True,Pipeline,"{""memory"": null, ""model"": ""LogisticRegression(C=0.01, max_iter=3000, random_state=138, solver='liblinear')"", ""model__C"": 0.01, ""model__class_weight"": null, ""model__dual"": false, ""model__fit_intercept"": true, ""model__intercept_scaling"": 1, ""model__l1_ratio"": null, ""model__max_iter"": 3000, ""model__multi_class"": ""deprecated"", ""model__n_jobs"": null, ""model__penalty"": ""l2"", ""model__random_state"": 138, ""model__solver"": ""liblinear"", ""model__tol"": 0.0001, ""model__verbose"": 0, ""model__warm_start"": false, ""scale"": ""StandardScaler()"", ""scale__copy"": true, ""scale__with_mean"": true, ""scale__with_std"": true, ""steps"": [[""variance"", ""VarianceThreshold()""], [""scale"", ""StandardScaler()""], [""model"", ""LogisticRegression(C=0.01, max_iter=3000, random_state=138, solver='liblinear')""]], ""transform_input"": null, ""variance"": ""VarianceThreshold()"", ""variance__threshold"": 0.0, ""verbose"": false}"
high_dependency_linear_20,9,logreg_l2_c03,False,True,Pipeline,"{""memory"": null, ""model"": ""LogisticRegression(C=0.3, max_iter=3000, random_state=140, solver='liblinear')"", ""model__C"": 0.3, ""model__class_weight"": null, ""model__dual"": false, ""model__fit_intercept"": true, ""model__intercept_scaling"": 1, ""model__l1_ratio"": null, ""model__max_iter"": 3000, ""model__multi_class"": ""deprecated"", ""model__n_jobs"": null, ""model__penalty"": ""l2"", ""model__random_state"": 140, ""model__solver"": ""liblinear"", ""model__tol"": 0.0001, ""model__verbose"": 0, ""model__warm_start"": false, ""scale"": ""StandardScaler()"", ""scale__copy"": true, ""scale__with_mean"": true, ""scale__with_std"": true, ""steps"": [[""variance"", ""VarianceThreshold()""], [""scale"", ""StandardScaler()""], [""model"", ""LogisticRegression(C=0.3, max_iter=3000, random_state=140, solver='liblinear')""]], ""transform_input"": null, ""variance"": ""VarianceThreshold()"", ""variance__threshold"": 0.0, ""verbose"": false}"
high_dependency_linear_20,10,logreg_l2_c3,False,True,Pipeline,"{""memory"": null, ""model"": ""LogisticRegression(C=3.0, max_iter=3000, random_state=150, solver='liblinear')"", ""model__C"": 3.0, ""model__class_weight"": null, ""model__dual"": false, ""model__fit_intercept"": true, ""model__intercept_scaling"": 1, ""model__l1_ratio"": null, ""model__max_iter"": 3000, ""model__multi_class"": ""deprecated"", ""model__n_jobs"": null, ""model__penalty"": ""l2"", ""model__random_state"": 150, ""model__solver"": ""liblinear"", ""model__tol"": 0.0001, ""model__verbose"": 0, ""model__warm_start"": false, ""scale"": ""StandardScaler()"", ""scale__copy"": true, ""scale__with_mean"": true, ""scale__with_std"": true, ""steps"": [[""variance"", ""VarianceThreshold()""], [""scale"", ""StandardScaler()""], [""model"", ""LogisticRegression(C=3.0, max_iter=3000, random_state=150, solver='liblinear')""]], ""transform_input"": null, ""variance"": ""VarianceThreshold()"", ""variance__threshold"": 0.0, ""verbose"": false}"
high_dependency_linear_20,11,logreg_l2_c30,False,True,Pipeline,"{""memory"": null, ""model"": ""LogisticRegression(C=30.0, max_iter=3000, random_state=152, solver='liblinear')"", ""model__C"": 30.0, ""model__class_weight"": null, ""model__dual"": false, ""model__fit_intercept"": true, ""model__intercept_scaling"": 1, ""model__l1_ratio"": null, ""model__max_iter"": 3000, ""model__multi_class"": ""deprecated"", ""model__n_jobs"": null, ""model__penalty"": ""l2"", ""model__random_state"": 152, ""model__solver"": ""liblinear"", ""model__tol"": 0.0001, ""model__verbose"": 0, ""model__warm_start"": false, ""scale"": ""StandardScaler()"", ""scale__copy"": true, ""scale__with_mean"": true, ""scale__with_std"": true, ""steps"": [[""variance"", ""VarianceThreshold()""], [""scale"", ""StandardScaler()""], [""model"", ""LogisticRegression(C=30.0, max_iter=3000, random_state=152, solver='liblinear')""]], ""transform_input"": null, ""variance"": ""VarianceThreshold()"", ""variance__threshold"": 0.0, ""verbose"": false}"
high_dependency_linear_20,12,logreg_l2_c100,False,True,Pipeline,"{""memory"": null, ""model"": ""LogisticRegression(C=100.0, max_iter=3000, random_state=158, solver='liblinear')"", ""model__C"": 100.0, ""model__class_weight"": null, ""model__dual"": false, ""model__fit_intercept"": true, ""model__intercept_scaling"": 1, ""model__l1_ratio"": null, ""model__max_iter"": 3000, ""model__multi_class"": ""deprecated"", ""model__n_jobs"": null, ""model__penalty"": ""l2"", ""model__random_state"": 158, ""model__solver"": ""liblinear"", ""model__tol"": 0.0001, ""model__verbose"": 0, ""model__warm_start"": false, ""scale"": ""StandardScaler()"", ""scale__copy"": true, ""scale__with_mean"": true, ""scale__with_std"": true, ""steps"": [[""variance"", ""VarianceThreshold()""], [""scale"", ""StandardScaler()""], [""model"", ""LogisticRegression(C=100.0, max_iter=3000, random_state=158, solver='liblinear')""]], ""transform_input"": null, ""variance"": ""VarianceThreshold()"", ""variance__threshold"": 0.0, ""verbose"": false}"
high_dependency_linear_20,13,logreg_l1_c003,False,True,Pipeline,"{""memory"": null, ""model"": ""LogisticRegression(C=0.03, max_iter=3000, penalty='l1', random_state=164,\n                   solver='liblinear')"", ""model__C"": 0.03, ""model__class_weight"": null, ""model__dual"": false, ""model__fit_intercept"": true, ""model__intercept_scaling"": 1, ""model__l1_ratio"": null, ""model__max_iter"": 3000, ""model__multi_class"": ""deprecated"", ""model__n_jobs"": null, ""model__penalty"": ""l1"", ""model__random_state"": 164, ""model__solver"": ""liblinear"", ""model__tol"": 0.0001, ""model__verbose"": 0, ""model__warm_start"": false, ""scale"": ""StandardScaler()"", ""scale__copy"": true, ""scale__with_mean"": true, ""scale__with_std"": true, ""steps"": [[""variance"", ""VarianceThreshold()""], [""scale"", ""StandardScaler()""], [""model"", ""LogisticRegression(C=0.03, max_iter=3000, penalty='l1', random_state=164,\n                   solver='liblinear')""]], ""transform_input"": null, ""variance"": ""VarianceThreshold()"", ""variance__threshold"": 0.0, ""verbose"": false}"
high_dependency_linear_20,14,logreg_l1_c03,False,True,Pipeline,"{""memory"": null, ""model"": ""LogisticRegression(C=0.3, max_iter=3000, penalty='l1', random_state=168,\n                   solver='liblinear')"", ""model__C"": 0.3, ""model__class_weight"": null, ""model__dual"": false, ""model__fit_intercept"": true, ""model__intercept_scaling"": 1, ""model__l1_ratio"": null, ""model__max_iter"": 3000, ""model__multi_class"": ""deprecated"", ""model__n_jobs"": null, ""model__penalty"": ""l1"", ""model__random_state"": 168, ""model__solver"": ""liblinear"", ""model__tol"": 0.0001, ""model__verbose"": 0, ""model__warm_start"": false, ""scale"": ""StandardScaler()"", ""scale__copy"": true, ""scale__with_mean"": true, ""scale__with_std"": true, ""steps"": [[""variance"", ""VarianceThreshold()""], [""scale"", ""StandardScaler()""], [""model"", ""LogisticRegression(C=0.3, max_iter=3000, penalty='l1', random_state=168,\n                   solver='liblinear')""]], ""transform_input"": null, ""variance"": ""VarianceThreshold()"", ""variance__threshold"": 0.0, ""verbose"": false}"
high_dependency_linear_20,15,logreg_l1_c1,False,True,Pipeline,"{""memory"": null, ""model"": ""LogisticRegression(max_iter=3000, penalty='l1', random_state=174,\n                   solver='liblinear')"", ""model__C"": 1.0, ""model__class_weight"": null, ""model__dual"": false, ""model__fit_intercept"": true, ""model__intercept_scaling"": 1, ""model__l1_ratio"": null, ""model__max_iter"": 3000, ""model__multi_class"": ""deprecated"", ""model__n_jobs"": null, ""model__penalty"": ""l1"", ""model__random_state"": 174, ""model__solver"": ""liblinear"", ""model__tol"": 0.0001, ""model__verbose"": 0, ""model__warm_start"": false, ""scale"": ""StandardScaler()"", ""scale__copy"": true, ""scale__with_mean"": true, ""scale__with_std"": true, ""steps"": [[""variance"", ""VarianceThreshold()""], [""scale"", ""StandardScaler()""], [""model"", ""LogisticRegression(max_iter=3000, penalty='l1', random_state=174,\n                   solver='liblinear')""]], ""transform_input"": null, ""variance"": ""VarianceThreshold()"", ""variance__threshold"": 0.0, ""verbose"": false}"
high_dependency_linear_20,16,logreg_l1_c3,False,True,Pipeline,"{""memory"": null, ""model"": ""LogisticRegression(C=3.0, max_iter=3000, penalty='l1', random_state=180,\n                   solver='liblinear')"", ""model__C"": 3.0, ""model__class_weight"": null, ""model__dual"": false, ""model__fit_intercept"": true, ""model__intercept_scaling"": 1, ""model__l1_ratio"": null, ""model__max_iter"": 3000, ""model__multi_class"": ""deprecated"", ""model__n_jobs"": null, ""model__penalty"": ""l1"", ""model__random_state"": 180, ""model__solver"": ""liblinear"", ""model__tol"": 0.0001, ""model__verbose"": 0, ""model__warm_start"": false, ""scale"": ""StandardScaler()"", ""scale__copy"": true, ""scale__with_mean"": true, ""scale__with_std"": true, ""steps"": [[""variance"", ""VarianceThreshold()""], [""scale"", ""StandardScaler()""], [""model"", ""LogisticRegression(C=3.0, max_iter=3000, penalty='l1', random_state=180,\n                   solver='liblinear')""]], ""transform_input"": null, ""variance"": ""VarianceThreshold()"", ""variance__threshold"": 0.0, ""verbose"": false}"
high_dependency_linear_20,17,elastic_net_c01_r025,False,True,Pipeline,"{""memory"": null, ""model"": ""LogisticRegression(C=0.1, l1_ratio=0.25, max_iter=3000, n_jobs=1,\n                   penalty='elasticnet', random_state=182, solver='saga')"", ""model__C"": 0.1, ""model__class_weight"": null, ""model__dual"": false, ""model__fit_intercept"": true, ""model__intercept_scaling"": 1, ""model__l1_ratio"": 0.25, ""model__max_iter"": 3000, ""model__multi_class"": ""deprecated"", ""model__n_jobs"": 1, ""model__penalty"": ""elasticnet"", ""model__random_state"": 182, ""model__solver"": ""saga"", ""model__tol"": 0.0001, ""model__verbose"": 0, ""model__warm_start"": false, ""scale"": ""StandardScaler()"", ""scale__copy"": true, ""scale__with_mean"": true, ""scale__with_std"": true, ""steps"": [[""variance"", ""VarianceThreshold()""], [""scale"", ""StandardScaler()""], [""model"", ""LogisticRegression(C=0.1, l1_ratio=0.25, max_iter=3000, n_jobs=1,\n                   penalty='elasticnet', random_state=182, solver='saga')""]], ""transform_input"": null, ""variance"": ""VarianceThreshold()"", ""variance__threshold"": 0.0, ""verbose"": false}"
high_dependency_linear_20,18,elastic_net_c1_r025,False,True,Pipeline,"{""memory"": null, ""model"": ""LogisticRegression(l1_ratio=0.25, max_iter=3000, n_jobs=1, penalty='elasticnet',\n                   random_state=192, solver='saga')"", ""model__C"": 1.0, ""model__class_weight"": null, ""model__dual"": false, ""model__fit_intercept"": true, ""model__intercept_scaling"": 1, ""model__l1_ratio"": 0.25, ""model__max_iter"": 3000, ""model__multi_class"": ""deprecated"", ""model__n_jobs"": 1, ""model__penalty"": ""elasticnet"", ""model__random_state"": 192, ""model__solver"": ""saga"", ""model__tol"": 0.0001, ""model__verbose"": 0, ""model__warm_start"": false, ""scale"": ""StandardScaler()"", ""scale__copy"": true, ""scale__with_mean"": true, ""scale__with_std"": true, ""steps"": [[""variance"", ""VarianceThreshold()""], [""scale"", ""StandardScaler()""], [""model"", ""LogisticRegression(l1_ratio=0.25, max_iter=3000, n_jobs=1, penalty='elasticnet',\n                   random_state=192, solver='saga')""]], ""transform_input"": null, ""variance"": ""VarianceThreshold()"", ""variance__threshold"": 0.0, ""verbose"": false}"
high_dependency_linear_20,19,elastic_net_c1_r075,False,True,Pipeline,"{""memory"": null, ""model"": ""LogisticRegression(l1_ratio=0.75, max_iter=3000, n_jobs=1, penalty='elasticnet',\n                   random_state=194, solver='saga')"", ""model__C"": 1.0, ""model__class_weight"": null, ""model__dual"": false, ""model__fit_intercept"": true, ""model__intercept_scaling"": 1, ""model__l1_ratio"": 0.75, ""model__max_iter"": 3000, ""model__multi_class"": ""deprecated"", ""model__n_jobs"": 1, ""model__penalty"": ""elasticnet"", ""model__random_state"": 194, ""model__solver"": ""saga"", ""model__tol"": 0.0001, ""model__verbose"": 0, ""model__warm_start"": false, ""scale"": ""StandardScaler()"", ""scale__copy"": true, ""scale__with_mean"": true, ""scale__with_std"": true, ""steps"": [[""variance"", ""VarianceThreshold()""], [""scale"", ""StandardScaler()""], [""model"", ""LogisticRegression(l1_ratio=0.75, max_iter=3000, n_jobs=1, penalty='elasticnet',\n                   random_state=194, solver='saga')""]], ""transform_input"": null, ""variance"": ""VarianceThreshold()"", ""variance__threshold"": 0.0, ""verbose"": false}"
high_dependency_linear_20,20,linear_svm_c01,False,True,Pipeline,"{""memory"": null, ""model"": ""LinearSVC(C=0.1, dual=False, max_iter=8000, random_state=198)"", ""model__C"": 0.1, ""model__class_weight"": null, ""model__dual"": false, ""model__fit_intercept"": true, ""model__intercept_scaling"": 1, ""model__loss"": ""squared_hinge"", ""model__max_iter"": 8000, ""model__multi_class"": ""ovr"", ""model__penalty"": ""l2"", ""model__random_state"": 198, ""model__tol"": 0.0001, ""model__verbose"": 0, ""scale"": ""StandardScaler()"", ""scale__copy"": true, ""scale__with_mean"": true, ""scale__with_std"": true, ""steps"": [[""variance"", ""VarianceThreshold()""], [""scale"", ""StandardScaler()""], [""model"", ""LinearSVC(C=0.1, dual=False, max_iter=8000, random_state=198)""]], ""transform_input"": null, ""variance"": ""VarianceThreshold()"", ""variance__threshold"": 0.0, ""verbose"": false}"
mixed_realistic_20,1,logistic_regression,True,True,Pipeline,"{""memory"": null, ""model"": ""LogisticRegression(max_iter=2000, random_state=12, solver='liblinear')"", ""model__C"": 1.0, ""model__class_weight"": null, ""model__dual"": false, ""model__fit_intercept"": true, ""model__intercept_scaling"": 1, ""model__l1_ratio"": null, ""model__max_iter"": 2000, ""model__multi_class"": ""deprecated"", ""model__n_jobs"": null, ""model__penalty"": ""l2"", ""model__random_state"": 12, ""model__solver"": ""liblinear"", ""model__tol"": 0.0001, ""model__verbose"": 0, ""model__warm_start"": false, ""scale"": ""StandardScaler()"", ""scale__copy"": true, ""scale__with_mean"": true, ""scale__with_std"": true, ""steps"": [[""variance"", ""VarianceThreshold()""], [""scale"", ""StandardScaler()""], [""model"", ""LogisticRegression(max_iter=2000, random_state=12, solver='liblinear')""]], ""transform_input"": null, ""variance"": ""VarianceThreshold()"", ""variance__threshold"": 0.0, ""verbose"": false}"
mixed_realistic_20,2,linear_svm,True,True,Pipeline,"{""memory"": null, ""model"": ""LinearSVC(dual=False, max_iter=5000, random_state=24)"", ""model__C"": 1.0, ""model__class_weight"": null, ""model__dual"": false, ""model__fit_intercept"": true, ""model__intercept_scaling"": 1, ""model__loss"": ""squared_hinge"", ""model__max_iter"": 5000, ""model__multi_class"": ""ovr"", ""model__penalty"": ""l2"", ""model__random_state"": 24, ""model__tol"": 0.0001, ""model__verbose"": 0, ""scale"": ""StandardScaler()"", ""scale__copy"": true, ""scale__with_mean"": true, ""scale__with_std"": true, ""steps"": [[""variance"", ""VarianceThreshold()""], [""scale"", ""StandardScaler()""], [""model"", ""LinearSVC(dual=False, max_iter=5000, random_state=24)""]], ""transform_input"": null, ""variance"": ""VarianceThreshold()"", ""variance__threshold"": 0.0, ""verbose"": false}"
mixed_realistic_20,3,rbf_svm,True,True,Pipeline,"{""memory"": null, ""model"": ""SVC(cache_size=500, random_state=38)"", ""model__C"": 1.0, ""model__break_ties"": false, ""model__cache_size"": 500, ""model__class_weight"": null, ""model__coef0"": 0.0, ""model__decision_function_shape"": ""ovr"", ""model__degree"": 3, ""model__gamma"": ""scale"", ""model__kernel"": ""rbf"", ""model__max_iter"": -1, ""model__probability"": false, ""model__random_state"": 38, ""model__shrinking"": true, ""model__tol"": 0.001, ""model__verbose"": false, ""scale"": ""StandardScaler()"", ""scale__copy"": true, ""scale__with_mean"": true, ""scale__with_std"": true, ""steps"": [[""variance"", ""VarianceThreshold()""], [""scale"", ""StandardScaler()""], [""model"", ""SVC(cache_size=500, random_state=38)""]], ""transform_input"": null, ""variance"": ""VarianceThreshold()"", ""variance__threshold"": 0.0, ""verbose"": false}"
mixed_realistic_20,4,gaussian_nb,True,True,Pipeline,"{""memory"": null, ""model"": ""GaussianNB()"", ""model__priors"": null, ""model__var_smoothing"": 1e-09, ""steps"": [[""variance"", ""VarianceThreshold()""], [""model"", ""GaussianNB()""]], ""transform_input"": null, ""variance"": ""VarianceThreshold()"", ""variance__threshold"": 0.0, ""verbose"": false}"
mixed_realistic_20,5,decision_tree,True,True,DecisionTreeClassifier,"{""ccp_alpha"": 0.0, ""class_weight"": null, ""criterion"": ""gini"", ""max_depth"": null, ""max_features"": null, ""max_leaf_nodes"": null, ""min_impurity_decrease"": 0.0, ""min_samples_leaf"": 5, ""min_samples_split"": 2, ""min_weight_fraction_leaf"": 0.0, ""monotonic_cst"": null, ""random_state"": 42, ""splitter"": ""best""}"
mixed_realistic_20,6,random_forest,True,True,RandomForestClassifier,"{""bootstrap"": true, ""ccp_alpha"": 0.0, ""class_weight"": null, ""criterion"": ""gini"", ""max_depth"": null, ""max_features"": ""sqrt"", ""max_leaf_nodes"": null, ""max_samples"": null, ""min_impurity_decrease"": 0.0, ""min_samples_leaf"": 2, ""min_samples_split"": 2, ""min_weight_fraction_leaf"": 0.0, ""monotonic_cst"": null, ""n_estimators"": 100, ""n_jobs"": 1, ""oob_score"": false, ""random_state"": 54, ""verbose"": 0, ""warm_start"": false}"
mixed_realistic_20,7,hist_gradient_boosting,True,True,HistGradientBoostingClassifier,"{""categorical_features"": ""from_dtype"", ""class_weight"": null, ""early_stopping"": ""auto"", ""interaction_cst"": null, ""l2_regularization"": 1.0, ""learning_rate"": 0.1, ""loss"": ""log_loss"", ""max_bins"": 255, ""max_depth"": null, ""max_features"": 1.0, ""max_iter"": 100, ""max_leaf_nodes"": 15, ""min_samples_leaf"": 20, ""monotonic_cst"": null, ""n_iter_no_change"": 10, ""random_state"": 68, ""scoring"": ""loss"", ""tol"": 1e-07, ""validation_fraction"": 0.1, ""verbose"": 0, ""warm_start"": false}"
mixed_realistic_20,8,logreg_l1_c01,False,True,Pipeline,"{""memory"": null, ""model"": ""LogisticRegression(C=0.1, max_iter=3000, penalty='l1', random_state=302,\n                   solver='liblinear')"", ""model__C"": 0.1, ""model__class_weight"": null, ""model__dual"": false, ""model__fit_intercept"": true, ""model__intercept_scaling"": 1, ""model__l1_ratio"": null, ""model__max_iter"": 3000, ""model__multi_class"": ""deprecated"", ""model__n_jobs"": null, ""model__penalty"": ""l1"", ""model__random_state"": 302, ""model__solver"": ""liblinear"", ""model__tol"": 0.0001, ""model__verbose"": 0, ""model__warm_start"": false, ""scale"": ""StandardScaler()"", ""scale__copy"": true, ""scale__with_mean"": true, ""scale__with_std"": true, ""steps"": [[""variance"", ""VarianceThreshold()""], [""scale"", ""StandardScaler()""], [""model"", ""LogisticRegression(C=0.1, max_iter=3000, penalty='l1', random_state=302,\n                   solver='liblinear')""]], ""transform_input"": null, ""variance"": ""VarianceThreshold()"", ""variance__threshold"": 0.0, ""verbose"": false}"
mixed_realistic_20,9,elastic_net_c1_r05,False,True,Pipeline,"{""memory"": null, ""model"": ""LogisticRegression(l1_ratio=0.5, max_iter=3000, n_jobs=1, penalty='elasticnet',\n                   random_state=308, solver='saga')"", ""model__C"": 1.0, ""model__class_weight"": null, ""model__dual"": false, ""model__fit_intercept"": true, ""model__intercept_scaling"": 1, ""model__l1_ratio"": 0.5, ""model__max_iter"": 3000, ""model__multi_class"": ""deprecated"", ""model__n_jobs"": 1, ""model__penalty"": ""elasticnet"", ""model__random_state"": 308, ""model__solver"": ""saga"", ""model__tol"": 0.0001, ""model__verbose"": 0, ""model__warm_start"": false, ""scale"": ""StandardScaler()"", ""scale__copy"": true, ""scale__with_mean"": true, ""scale__with_std"": true, ""steps"": [[""variance"", ""VarianceThreshold()""], [""scale"", ""StandardScaler()""], [""model"", ""LogisticRegression(l1_ratio=0.5, max_iter=3000, n_jobs=1, penalty='elasticnet',\n                   random_state=308, solver='saga')""]], ""transform_input"": null, ""variance"": ""VarianceThreshold()"", ""variance__threshold"": 0.0, ""verbose"": false}"
mixed_realistic_20,10,logreg_l2_c01,False,True,Pipeline,"{""memory"": null, ""model"": ""LogisticRegression(C=0.1, max_iter=3000, random_state=312, solver='liblinear')"", ""model__C"": 0.1, ""model__class_weight"": null, ""model__dual"": false, ""model__fit_intercept"": true, ""model__intercept_scaling"": 1, ""model__l1_ratio"": null, ""model__max_iter"": 3000, ""model__multi_class"": ""deprecated"", ""model__n_jobs"": null, ""model__penalty"": ""l2"", ""model__random_state"": 312, ""model__solver"": ""liblinear"", ""model__tol"": 0.0001, ""model__verbose"": 0, ""model__warm_start"": false, ""scale"": ""StandardScaler()"", ""scale__copy"": true, ""scale__with_mean"": true, ""scale__with_std"": true, ""steps"": [[""variance"", ""VarianceThreshold()""], [""scale"", ""StandardScaler()""], [""model"", ""LogisticRegression(C=0.1, max_iter=3000, random_state=312, solver='liblinear')""]], ""transform_input"": null, ""variance"": ""VarianceThreshold()"", ""variance__threshold"": 0.0, ""verbose"": false}"
mixed_realistic_20,11,rbf_svm_c03,False,True,Pipeline,"{""memory"": null, ""model"": ""SVC(C=0.3, cache_size=500, random_state=314)"", ""model__C"": 0.3, ""model__break_ties"": false, ""model__cache_size"": 500, ""model__class_weight"": null, ""model__coef0"": 0.0, ""model__decision_function_shape"": ""ovr"", ""model__degree"": 3, ""model__gamma"": ""scale"", ""model__kernel"": ""rbf"", ""model__max_iter"": -1, ""model__probability"": false, ""model__random_state"": 314, ""model__shrinking"": true, ""model__tol"": 0.001, ""model__verbose"": false, ""scale"": ""StandardScaler()"", ""scale__copy"": true, ""scale__with_mean"": true, ""scale__with_std"": true, ""steps"": [[""variance"", ""VarianceThreshold()""], [""scale"", ""StandardScaler()""], [""model"", ""SVC(C=0.3, cache_size=500, random_state=314)""]], ""transform_input"": null, ""variance"": ""VarianceThreshold()"", ""variance__threshold"": 0.0, ""verbose"": false}"
mixed_realistic_20,12,rbf_svm_c3,False,True,Pipeline,"{""memory"": null, ""model"": ""SVC(C=3.0, cache_size=500, random_state=318)"", ""model__C"": 3.0, ""model__break_ties"": false, ""model__cache_size"": 500, ""model__class_weight"": null, ""model__coef0"": 0.0, ""model__decision_function_shape"": ""ovr"", ""model__degree"": 3, ""model__gamma"": ""scale"", ""model__kernel"": ""rbf"", ""model__max_iter"": -1, ""model__probability"": false, ""model__random_state"": 318, ""model__shrinking"": true, ""model__tol"": 0.001, ""model__verbose"": false, ""scale"": ""StandardScaler()"", ""scale__copy"": true, ""scale__with_mean"": true, ""scale__with_std"": true, ""steps"": [[""variance"", ""VarianceThreshold()""], [""scale"", ""StandardScaler()""], [""model"", ""SVC(C=3.0, cache_size=500, random_state=318)""]], ""transform_input"": null, ""variance"": ""VarianceThreshold()"", ""variance__threshold"": 0.0, ""verbose"": false}"
mixed_realistic_20,13,extra_trees,False,True,ExtraTreesClassifier,"{""bootstrap"": false, ""ccp_alpha"": 0.0, ""class_weight"": null, ""criterion"": ""gini"", ""max_depth"": null, ""max_features"": ""sqrt"", ""max_leaf_nodes"": null, ""max_samples"": null, ""min_impurity_decrease"": 0.0, ""min_samples_leaf"": 2, ""min_samples_split"": 2, ""min_weight_fraction_leaf"": 0.0, ""monotonic_cst"": null, ""n_estimators"": 100, ""n_jobs"": 1, ""oob_score"": false, ""random_state"": 332, ""verbose"": 0, ""warm_start"": false}"
mixed_realistic_20,14,random_forest_shallow,False,True,RandomForestClassifier,"{""bootstrap"": true, ""ccp_alpha"": 0.0, ""class_weight"": null, ""criterion"": ""gini"", ""max_depth"": 5, ""max_features"": ""sqrt"", ""max_leaf_nodes"": null, ""max_samples"": null, ""min_impurity_decrease"": 0.0, ""min_samples_leaf"": 5, ""min_samples_split"": 2, ""min_weight_fraction_leaf"": 0.0, ""monotonic_cst"": null, ""n_estimators"": 100, ""n_jobs"": 1, ""oob_score"": false, ""random_state"": 338, ""verbose"": 0, ""warm_start"": false}"
mixed_realistic_20,15,random_forest_tuned,False,True,RandomForestClassifier,"{""bootstrap"": true, ""ccp_alpha"": 0.0, ""class_weight"": null, ""criterion"": ""gini"", ""max_depth"": null, ""max_features"": 0.7, ""max_leaf_nodes"": null, ""max_samples"": null, ""min_impurity_decrease"": 0.0, ""min_samples_leaf"": 2, ""min_samples_split"": 2, ""min_weight_fraction_leaf"": 0.0, ""monotonic_cst"": null, ""n_estimators"": 100, ""n_jobs"": 1, ""oob_score"": false, ""random_state"": 348, ""verbose"": 0, ""warm_start"": false}"
mixed_realistic_20,16,gradient_boosting,False,True,GradientBoostingClassifier,"{""ccp_alpha"": 0.0, ""criterion"": ""friedman_mse"", ""init"": null, ""learning_rate"": 0.05, ""loss"": ""log_loss"", ""max_depth"": 2, ""max_features"": null, ""max_leaf_nodes"": null, ""min_impurity_decrease"": 0.0, ""min_samples_leaf"": 5, ""min_samples_split"": 2, ""min_weight_fraction_leaf"": 0.0, ""n_estimators"": 100, ""n_iter_no_change"": null, ""random_state"": 350, ""subsample"": 1.0, ""tol"": 0.0001, ""validation_fraction"": 0.1, ""verbose"": 0, ""warm_start"": false}"
mixed_realistic_20,17,adaboost_stump,False,True,AdaBoostClassifier,"{""algorithm"": ""deprecated"", ""estimator"": ""DecisionTreeClassifier(max_depth=1, random_state=354)"", ""estimator__ccp_alpha"": 0.0, ""estimator__class_weight"": null, ""estimator__criterion"": ""gini"", ""estimator__max_depth"": 1, ""estimator__max_features"": null, ""estimator__max_leaf_nodes"": null, ""estimator__min_impurity_decrease"": 0.0, ""estimator__min_samples_leaf"": 1, ""estimator__min_samples_split"": 2, ""estimator__min_weight_fraction_leaf"": 0.0, ""estimator__monotonic_cst"": null, ""estimator__random_state"": 354, ""estimator__splitter"": ""best"", ""learning_rate"": 0.05, ""n_estimators"": 100, ""random_state"": 360}"
mixed_realistic_20,18,hist_gb_shallow,False,True,HistGradientBoostingClassifier,"{""categorical_features"": ""from_dtype"", ""class_weight"": null, ""early_stopping"": ""auto"", ""interaction_cst"": null, ""l2_regularization"": 0.5, ""learning_rate"": 0.05, ""loss"": ""log_loss"", ""max_bins"": 255, ""max_depth"": null, ""max_features"": 1.0, ""max_iter"": 120, ""max_leaf_nodes"": 15, ""min_samples_leaf"": 20, ""monotonic_cst"": null, ""n_iter_no_change"": 10, ""random_state"": 368, ""scoring"": ""loss"", ""tol"": 1e-07, ""validation_fraction"": 0.1, ""verbose"": 0, ""warm_start"": false}"
mixed_realistic_20,19,linear_discriminant_shrinkage,False,True,Pipeline,"{""memory"": null, ""model"": ""LinearDiscriminantAnalysis(shrinkage='auto', solver='lsqr')"", ""model__covariance_estimator"": null, ""model__n_components"": null, ""model__priors"": null, ""model__shrinkage"": ""auto"", ""model__solver"": ""lsqr"", ""model__store_covariance"": false, ""model__tol"": 0.0001, ""scale"": ""StandardScaler()"", ""scale__copy"": true, ""scale__with_mean"": true, ""scale__with_std"": true, ""steps"": [[""variance"", ""VarianceThreshold()""], [""scale"", ""StandardScaler()""], [""model"", ""LinearDiscriminantAnalysis(shrinkage='auto', solver='lsqr')""]], ""transform_input"": null, ""variance"": ""VarianceThreshold()"", ""variance__threshold"": 0.0, ""verbose"": false}"
mixed_realistic_20,20,knn_15_distance,False,True,Pipeline,"{""memory"": null, ""model"": ""KNeighborsClassifier(n_jobs=1, n_neighbors=15, weights='distance')"", ""model__algorithm"": ""auto"", ""model__leaf_size"": 30, ""model__metric"": ""minkowski"", ""model__metric_params"": null, ""model__n_jobs"": 1, ""model__n_neighbors"": 15, ""model__p"": 2, ""model__weights"": ""distance"", ""scale"": ""StandardScaler()"", ""scale__copy"": true, ""scale__with_mean"": true, ""scale__with_std"": true, ""steps"": [[""variance"", ""VarianceThreshold()""], [""scale"", ""StandardScaler()""], [""model"", ""KNeighborsClassifier(n_jobs=1, n_neighbors=15, weights='distance')""]], ""transform_input"": null, ""variance"": ""VarianceThreshold()"", ""variance__threshold"": 0.0, ""verbose"": false}"
